Tractor Name,Year,Hours,Company,Company URL,URL
Case IH Puma 220,2020,4370h,,"https://www.mascus.co.ukhttps://www.mascus.co.uk/townson-tractors-ltd/7939e304,1,relevance,searchdealer.html",https://www.mascus.co.uk/agriculture/tractors/case-ih-puma-220/lioixjwi.html
Case IH Puma 175 CVX,2018,2830h,,"https://www.mascus.co.ukhttps://www.mascus.co.uk/cg-machinery/a4631113,1,relevance,searchdealer.html",https://www.mascus.co.uk/agriculture/tractors/case-ih-puma-175-cvx/udukmlpj.html
Case IH Puma 185 CVX,2017,7792h,,"https://www.mascus.co.ukhttps://www.mascus.co.uk/cg-machinery/a4631113,1,relevance,searchdealer.html",https://www.mascus.co.uk/agriculture/tractors/case-ih-puma-185-cvx/snwgnowf.html
Case IH Puma 150,2018,5100h,,"https://www.mascus.co.ukhttps://www.mascus.co.uk/a-m-group/c80ca05d,1,relevance,searchdealer.html",https://www.mascus.co.uk/agriculture/tractors/case-ih-puma-150/lcvkmnqf.html
Case IH Puma 200 CVX,2021,4227h,,"https://www.mascus.co.ukhttps://www.mascus.co.uk/mark-hellier-tractors-se-ltd/165669e7,1,relevance,searchdealer.html",https://www.mascus.co.uk/agriculture/tractors/case-ih-puma-200-cvx/yhtouqve.html
Case IH Puma 240 CVX,2021,4882h,,"https://www.mascus.co.ukhttps://www.mascus.co.uk/cg-machinery/a4631113,1,relevance,searchdealer.html",https://www.mascus.co.uk/agriculture/tractors/case-ih-puma-240-cvx/zqznvewi.html
Case IH Puma 145,2014,4948h,,"https://www.mascus.co.ukhttps://www.mascus.co.uk/cg-machinery/a4631113,1,relevance,searchdealer.html",https://www.mascus.co.uk/agriculture/tractors/case-ih-puma-145/sptlqkth.html
Case IH Puma 240 CVX,2021,1974h,,"https://www.mascus.co.ukhttps://www.mascus.co.uk/morgan-machinery-ltd/7be8639a,1,relevance,searchdealer.html",https://www.mascus.co.uk/agriculture/tractors/case-ih-puma-240-cvx/zpveojxp.html
Case IH Puma 150,2018,4860h,,"https://www.mascus.co.ukhttps://www.mascus.co.uk/townson-tractors-ltd/7939e304,1,relevance,searchdealer.html",https://www.mascus.co.uk/agriculture/tractors/case-ih-puma-150/zmtjtipf.html
Case IH Puma 240,2021,4520h,,"https://www.mascus.co.ukhttps://www.mascus.co.uk/morgan-machinery-ltd/7be8639a,1,relevance,searchdealer.html",https://www.mascus.co.uk/agriculture/tractors/case-ih-puma-240/yjnjpjrg.html
Case IH Puma 240 CVX,2024,"Chipping Norton, Oxfordshire, UK",,"https://www.mascus.co.ukhttps://www.mascus.co.uk/kfs-krone-forage-solutions/6a27714a,1,relevance,searchdealer.html",https://www.mascus.co.uk/agriculture/tractors/case-ih-puma-240-cvx/tktkymto.html
Case IH Puma 160,2015,5750h,,"https://www.mascus.co.ukhttps://www.mascus.co.uk/m-m-plant-devon-cornwall-ltd/74f5f548,1,relevance,searchdealer.html",https://www.mascus.co.uk/agriculture/tractors/case-ih-puma-160/lcmovpzo.html
Case IH Puma 155,2011,3860h,,"https://www.mascus.co.ukhttps://www.mascus.co.uk/doubleday-holbeach/4b3b05cf,1,relevance,searchdealer.html",https://www.mascus.co.uk/agriculture/tractors/case-ih-puma-155/0hojrcrd.html
Case IH Puma 155,2011,5228h,,"https://www.mascus.co.ukhttps://www.mascus.co.uk/doubleday-holbeach/4b3b05cf,1,relevance,searchdealer.html",https://www.mascus.co.uk/agriculture/tractors/case-ih-puma-155/vlypuepe.html
Case IH Puma 150,2017,2107h,,"https://www.mascus.co.ukhttps://www.mascus.co.uk/doubleday-holbeach/4b3b05cf,1,relevance,searchdealer.html",https://www.mascus.co.uk/agriculture/tractors/case-ih-puma-150/yhsbqmog.html
Case IH Puma 165,2018,3283h,,"https://www.mascus.co.ukhttps://www.mascus.co.uk/mark-hellier-tractors-se-ltd/165669e7,1,relevance,searchdealer.html",https://www.mascus.co.uk/agriculture/tractors/case-ih-puma-165/mgzhtiyf.html
Case IH PUMA 125 T3,2012,"Main address, UK",,"https://www.mascus.co.ukhttps://www.mascus.co.uk/riverlea-tractors-ltd/c3fe5d2e,1,relevance,searchdealer.html",https://www.mascus.co.uk/agriculture/tractors/case-ih-puma-125-t3/pcmdubnm.html
Case IH Puma 240,2019,4479h,,"https://www.mascus.co.ukhttps://www.mascus.co.uk/doubleday-holbeach/4b3b05cf,1,relevance,searchdealer.html",https://www.mascus.co.uk/agriculture/tractors/case-ih-puma-240/znpnnqqg.html
Case IH Puma 165,2020,1988h,,"https://www.mascus.co.ukhttps://www.mascus.co.uk/doubleday-holbeach/4b3b05cf,1,relevance,searchdealer.html",https://www.mascus.co.uk/agriculture/tractors/case-ih-puma-165/mmxirqwj.html
"Case IH PUMA 240CVX, AFS Connect, 2024, Relevage avant,",2024,5h,,"https://www.mascus.co.ukhttps://www.mascus.co.uk/vermatrac-handelsonderneming-b-v/9ddd03e2,1,relevance,searchdealer.html",https://www.mascus.co.uk/agriculture/tractors/case-ih-puma-240cvx-afs-connect-2024-relevage-avant/ueshtg0i.html
Case IH Puma 130,2013,6106h,,"https://www.mascus.co.ukhttps://www.mascus.co.uk/stm-trading/0b1d960a,1,relevance,searchdealer.html",https://www.mascus.co.uk/agriculture/tractors/case-ih-puma-130/snpbqjyb.html
"Case IH PUMA 185 Multi controller,50km/h, frein d'air, '19",2019,3966h,,"https://www.mascus.co.ukhttps://www.mascus.co.uk/vermatrac-handelsonderneming-b-v/9ddd03e2,1,relevance,searchdealer.html",https://www.mascus.co.uk/agriculture/tractors/case-ih-puma-185-multi-controller-50km-h-frein-d-air-19/qoxjumuh.html
Case IH Puma 220 CVX AFS,2024,100h,,"https://www.mascus.co.ukhttps://www.mascus.co.uk/gromec-landbouwmechanisatie-bv/83571ff0,1,relevance,searchdealer.html",https://www.mascus.co.uk/agriculture/tractors/case-ih-puma-220-cvx-afs/pblonplq.html
Case IH Puma 165,2009,6981h,,"https://www.mascus.co.ukhttps://www.mascus.co.uk/redline-tractors/48173fd8,1,relevance,searchdealer.html",https://www.mascus.co.uk/agriculture/tractors/case-ih-puma-165/rdvgvepd.html
Case IH Puma 240 CVX (DEMO),2023,464h,,"https://www.mascus.co.ukhttps://www.mascus.co.uk/landbouwhuis-timmerman-bv/ca30de5a,1,relevance,searchdealer.html",https://www.mascus.co.uk/agriculture/tractors/case-ih-puma-240-cvx-demo/0erfyfti.html
Case IH Puma 240 CVX,2018,4300h,,"https://www.mascus.co.ukhttps://www.mascus.co.uk/landbouwhuis-timmerman-bv/ca30de5a,1,relevance,searchdealer.html",https://www.mascus.co.uk/agriculture/tractors/case-ih-puma-240-cvx/0lmcsg0c.html
Case IH Puma 165,2019,725h,,"https://www.mascus.co.ukhttps://www.mascus.co.uk/evax-bv/2302ef15,1,relevance,searchdealer.html",https://www.mascus.co.uk/agriculture/tractors/case-ih-puma-165/ubxfnjrd.html
Case IH Puma 220 4X4 New Holland T7 - STEYR,2020,8231h,,"https://www.mascus.co.ukhttps://www.mascus.co.uk/bas-world/114c8467,1,relevance,searchdealer.html",https://www.mascus.co.uk/agriculture/tractors/case-ih-puma-220-4x4-new-holland-t7-steyr/qeqdphyg.html
Case IH Puma 185 MC 4X4 FH + PTO - NEW HOLLAND T7 - STEYR,2019,6794h,,"https://www.mascus.co.ukhttps://www.mascus.co.uk/bas-world/114c8467,1,relevance,searchdealer.html",https://www.mascus.co.uk/agriculture/tractors/case-ih-puma-185-mc-4x4-fh-pto-new-holland-t7-steyr/mkyjykmh.html
Case IH Puma 230 CVX,2014,10205h,,"https://www.mascus.co.ukhttps://www.mascus.co.uk/evax-bv/2302ef15,1,relevance,searchdealer.html",https://www.mascus.co.uk/agriculture/tractors/case-ih-puma-230-cvx/zfsjojvi.html
Case IH Puma 145,2014,7396h,,"https://www.mascus.co.ukhttps://www.mascus.co.uk/stm-trading/0b1d960a,1,relevance,searchdealer.html",https://www.mascus.co.uk/agriculture/tractors/case-ih-puma-145/sishyhuo.html
Case IH PUMA 240 CVX (DEMO),"Duizel, Noord-Brabant, NL",N/A,,"https://www.mascus.co.ukhttps://www.mascus.co.uk/evax-bv/2302ef15,1,relevance,searchdealer.html",https://www.mascus.co.uk/agriculture/tractors/case-ih-puma-240-cvx-demo/nirglmuc.html
Case IH PUMA 185 AFS CONNECT,2023,"ZIERIKZEE, NL",,"https://www.mascus.co.ukhttps://www.mascus.co.uk/p-van-eijzeren-mechanisatie-b-v/d66dd72d,1,relevance,searchdealer.html",https://www.mascus.co.uk/agriculture/tractors/case-ih-puma-185-afs-connect/sbqinkqg.html
Case IH PUMA 240 CVX,"Grashoek, Limburg, NL",N/A,,"https://www.mascus.co.ukhttps://www.mascus.co.uk/evax-bv/2302ef15,1,relevance,searchdealer.html",https://www.mascus.co.uk/agriculture/tractors/case-ih-puma-240-cvx/zemiulsc.html
Case IH Puma 165 CVX (DEMO),2023,"Duizel, Noord-Brabant, NL",,"https://www.mascus.co.ukhttps://www.mascus.co.uk/evax-bv/2302ef15,1,relevance,searchdealer.html",https://www.mascus.co.uk/agriculture/tractors/case-ih-puma-165-cvx-demo/0nrpzloq.html
Case IH Puma 185,2021,315h,,"https://www.mascus.co.ukhttps://www.mascus.co.uk/dll/794bec45,1,relevance,searchdealer.html",https://www.mascus.co.uk/agriculture/tractors/case-ih-puma-185/phmjnpmi.html
Case IH Puma 185,2021,740h,,"https://www.mascus.co.ukhttps://www.mascus.co.uk/dll/794bec45,1,relevance,searchdealer.html",https://www.mascus.co.uk/agriculture/tractors/case-ih-puma-185/rbmjsmuf.html
Case IH Puma 240 CVX,2017,5200h,,"https://www.mascus.co.ukhttps://www.mascus.co.uk/koop-van-der-wal-b-v/461f8ee6,1,relevance,searchdealer.html",https://www.mascus.co.uk/agriculture/tractors/case-ih-puma-240-cvx/sosp0mvd.html
Case IH PUMA 175 CVX,2017,6479h,,"https://www.mascus.co.ukhttps://www.mascus.co.uk/felleskjopet-agri-steinkjer/5e2d95ff,1,relevance,searchdealer.html",https://www.mascus.co.uk/agriculture/tractors/case-ih-puma-175-cvx/okvlvguc.html
Case IH Puma 165 CVT,2017,5000h,,"https://www.mascus.co.ukhttps://www.mascus.co.uk/norwegian-agro-ron/b0dbdba4,1,relevance,searchdealer.html",https://www.mascus.co.uk/agriculture/tractors/case-ih-puma-165-cvt/riyoletg.html
Case IH PUMA 160,2015,"-, FR",,"https://www.mascus.co.ukhttps://www.mascus.co.uk/haag-sas/2b617883,1,relevance,searchdealer.html",https://www.mascus.co.uk/agriculture/tractors/case-ih-puma-160/lblmwitb.html
Case IH PUMA 225 CVX,2011,6837h,,"https://www.mascus.co.ukhttps://www.mascus.co.uk/agri-86/e2aeac93,1,relevance,searchdealer.html",https://www.mascus.co.uk/agriculture/tractors/case-ih-puma-225-cvx/rcrmpfrb.html
Case IH PUMA 185 FPS,2016,"-, FR",,"https://www.mascus.co.ukhttps://www.mascus.co.uk/haag-sas/2b617883,1,relevance,searchdealer.html",https://www.mascus.co.uk/agriculture/tractors/case-ih-puma-185-fps/rbwbqkxh.html
Case IH PUMA 150,2017,"-, FR",,"https://www.mascus.co.ukhttps://www.mascus.co.uk/haag-sas/2b617883,1,relevance,searchdealer.html",https://www.mascus.co.uk/agriculture/tractors/case-ih-puma-150/xpokrqmo.html
Case IH PUMA 200 CVX,2021,"-, FR",,"https://www.mascus.co.ukhttps://www.mascus.co.uk/haag-sas/2b617883,1,relevance,searchdealer.html",https://www.mascus.co.uk/agriculture/tractors/case-ih-puma-200-cvx/0fqknjwp.html
Case IH Puma 150 CVX,2017,"-, FR",,"https://www.mascus.co.ukhttps://www.mascus.co.uk/haag-sas/2b617883,1,relevance,searchdealer.html",https://www.mascus.co.uk/agriculture/tractors/case-ih-puma-150-cvx/zjtnsqtb.html
Case IH Puma 150 Multicontroller,2021,"-, FR",,"https://www.mascus.co.ukhttps://www.mascus.co.uk/haag-sas/2b617883,1,relevance,searchdealer.html",https://www.mascus.co.uk/agriculture/tractors/case-ih-puma-150-multicontroller/vnvhqcxg.html
Case IH Puma 185,2013,5363h,,"https://www.mascus.co.ukhttps://www.mascus.co.uk/inter-business-fr/6c89642e,1,relevance,searchdealer.html",https://www.mascus.co.uk/agriculture/tractors/case-ih-puma-185/unzewqyk.html
Case IH PUMA 125 EP,2018,4000h,,"https://www.mascus.co.ukhttps://www.mascus.co.uk/patoux-equipagri/b5ab0dac,1,relevance,searchdealer.html",https://www.mascus.co.uk/agriculture/tractors/case-ih-puma-125-ep/pjtkphpp.html
Case IH PUMA 165,2008,7650h,,"https://www.mascus.co.ukhttps://www.mascus.co.uk/terrea-sas/481b159a,1,relevance,searchdealer.html",https://www.mascus.co.uk/agriculture/tractors/case-ih-puma-165/zhtfvppk.html
Case IH PUMA 185,2014,5500h,,"https://www.mascus.co.ukhttps://www.mascus.co.uk/terrinov/c75dc200,1,relevance,searchdealer.html",https://www.mascus.co.uk/agriculture/tractors/case-ih-puma-185/oolo0hqi.html
Case IH PUMA 240CVX,2018,1600h,,"https://www.mascus.co.ukhttps://www.mascus.co.uk/terrinov/c75dc200,1,relevance,searchdealer.html",https://www.mascus.co.uk/agriculture/tractors/case-ih-puma-240cvx/lm0onfsh.html
Case IH PUMA 185 FULL,2014,5602h,,"https://www.mascus.co.ukhttps://www.mascus.co.uk/terrinov/c75dc200,1,relevance,searchdealer.html",https://www.mascus.co.uk/agriculture/tractors/case-ih-puma-185-full/roxiqlwg.html
Case IH PUMA 200MC,2021,1500h,,"https://www.mascus.co.ukhttps://www.mascus.co.uk/terrinov/c75dc200,1,relevance,searchdealer.html",https://www.mascus.co.uk/agriculture/tractors/case-ih-puma-200mc/zcqdsfpd.html
Case IH PUMA 165,2020,1950h,,"https://www.mascus.co.ukhttps://www.mascus.co.uk/agri-86/e2aeac93,1,relevance,searchdealer.html",https://www.mascus.co.uk/agriculture/tractors/case-ih-puma-165/vivoqpun.html
Case IH PUMA CVX 215,2013,4810h,,"https://www.mascus.co.ukhttps://www.mascus.co.uk/patoux-equipagri/b5ab0dac,1,relevance,searchdealer.html",https://www.mascus.co.uk/agriculture/tractors/case-ih-puma-cvx-215/mjnczgpo.html
Case IH Puma 165,2021,2100h,,"https://www.mascus.co.ukhttps://www.mascus.co.uk/a1-traktor-de-tiemann-landtechnik-gmbh-co/464b0800,1,relevance,searchdealer.html",https://www.mascus.co.uk/agriculture/tractors/case-ih-puma-165/xhnqlmwp.html
Case IH puma 150 cvx CVX,2016,2600h,,"https://www.mascus.co.ukhttps://www.mascus.co.uk/e-farm-gmbh/a39db191,1,relevance,searchdealer.html",https://www.mascus.co.uk/agriculture/tractors/case-ih-puma-150-cvx-cvx/ubxeybod.html
Case IH puma 240 cvx stage v CVX,2022,2500h,,"https://www.mascus.co.ukhttps://www.mascus.co.uk/e-farm-gmbh/a39db191,1,relevance,searchdealer.html",https://www.mascus.co.uk/agriculture/tractors/case-ih-puma-240-cvx-stage-v-cvx/tnvkupol.html
Case IH Puma 240 CVX Stage V,2022,2500h,,"https://www.mascus.co.ukhttps://www.mascus.co.uk/landtechnik-schulze-lammers/17d9b938,1,relevance,searchdealer.html",https://www.mascus.co.uk/agriculture/tractors/case-ih-puma-240-cvx-stage-v/ueuqpevf.html
Case IH Puma 165,2019,3470h,,"https://www.mascus.co.ukhttps://www.mascus.co.uk/b-k-traktoren-vertriebs-gmbh/baa589e0,1,relevance,searchdealer.html",https://www.mascus.co.uk/agriculture/tractors/case-ih-puma-165/vmnpomsk.html
Case IH puma 230,2013,12900h,,"https://www.mascus.co.ukhttps://www.mascus.co.uk/e-farm-gmbh/a39db191,1,relevance,searchdealer.html",https://www.mascus.co.uk/agriculture/tractors/case-ih-puma-230/xjmprnod.html
Case IH IH PUMA 240 CVX,2020,2809h,,"https://www.mascus.co.ukhttps://www.mascus.co.uk/dll/794bec45,1,relevance,searchdealer.html",https://www.mascus.co.uk/agriculture/tractors/case-ih-ih-puma-240-cvx/rcznznlq.html
Case IH Puma 210,2009,8250h,,"https://www.mascus.co.ukhttps://www.mascus.co.uk/merkantil-export-import-gmbh/7812f4d5,1,relevance,searchdealer.html",https://www.mascus.co.uk/agriculture/tractors/case-ih-puma-210/vbtloerc.html
Case IH puma 220 cvx - stage v,2022,362h,,"https://www.mascus.co.ukhttps://www.mascus.co.uk/e-farm-gmbh/a39db191,1,relevance,searchdealer.html",https://www.mascus.co.uk/agriculture/tractors/case-ih-puma-220-cvx-stage-v/zhoi0evl.html
Case IH puma 220 cvx CVX,2018,3830h,,"https://www.mascus.co.ukhttps://www.mascus.co.uk/e-farm-gmbh/a39db191,1,relevance,searchdealer.html",https://www.mascus.co.uk/agriculture/tractors/case-ih-puma-220-cvx-cvx/xhvhokug.html
Case IH Puma 220 CVX,2018,3830h,,"https://www.mascus.co.ukhttps://www.mascus.co.uk/eder-gmbh-landmaschinen/d1c9e3d8,1,relevance,searchdealer.html",https://www.mascus.co.uk/agriculture/tractors/case-ih-puma-220-cvx/nithscqm.html
Case IH PUMA 145 EP,2012,9390h,,"https://www.mascus.co.ukhttps://www.mascus.co.uk/mager-wedemeyer-maschinenvertrieb-gmbh-co-kg/665f327e,1,relevance,searchdealer.html",https://www.mascus.co.uk/agriculture/tractors/case-ih-puma-145-ep/tpxewizd.html
Case IH Puma 220 CVX,2016,7050h,,"https://www.mascus.co.ukhttps://www.mascus.co.uk/b-k-traktoren-vertriebs-gmbh/baa589e0,1,relevance,searchdealer.html",https://www.mascus.co.uk/agriculture/tractors/case-ih-puma-220-cvx/xbxovfnj.html
Case IH PUMA 200 MULTICONTROLER,2019,2480h,,"https://www.mascus.co.ukhttps://www.mascus.co.uk/agravis-technik-center-gmbh-fil-calbe-saale/2e02c12c,1,relevance,searchdealer.html",https://www.mascus.co.uk/agriculture/tractors/case-ih-puma-200-multicontroler/qm0otknh.html
Case IH puma 185 cvx,2014,4475h,,"https://www.mascus.co.ukhttps://www.mascus.co.uk/e-farm-gmbh/a39db191,1,relevance,searchdealer.html",https://www.mascus.co.uk/agriculture/tractors/case-ih-puma-185-cvx/pnrfudtp.html
Case IH Puma 240 CVX mit RTK,2017,5655h,,"https://www.mascus.co.ukhttps://www.mascus.co.uk/eder-gmbh-landmaschinen/d1c9e3d8,1,relevance,searchdealer.html",https://www.mascus.co.uk/agriculture/tractors/case-ih-puma-240-cvx-mit-rtk/uesbrj0n.html
Case IH Puma 175 CVX,2023,520h,,"https://www.mascus.co.ukhttps://www.mascus.co.uk/merkantil-export-import-gmbh/7812f4d5,1,relevance,searchdealer.html",https://www.mascus.co.uk/agriculture/tractors/case-ih-puma-175-cvx/yimcugqk.html
Case IH PUMA 220 MULTICONTROLER,2018,1881h,,"https://www.mascus.co.ukhttps://www.mascus.co.uk/agravis-technik-center-gmbh-fil-meppen/2df5655d,1,relevance,searchdealer.html",https://www.mascus.co.uk/agriculture/tractors/case-ih-puma-220-multicontroler/qmqnqnrp.html
Case IH puma 240 cvx,2018,6885h,,"https://www.mascus.co.ukhttps://www.mascus.co.uk/e-farm-gmbh/a39db191,1,relevance,searchdealer.html",https://www.mascus.co.uk/agriculture/tractors/case-ih-puma-240-cvx/xcrimfug.html
Case IH Puma 240 CVX,2018,6885h,,"https://www.mascus.co.ukhttps://www.mascus.co.uk/eder-gmbh-landmaschinen/d1c9e3d8,1,relevance,searchdealer.html",https://www.mascus.co.uk/agriculture/tractors/case-ih-puma-240-cvx/tflhob0l.html
Case IH PUMA 215,"Husum, DE",N/A,,"https://www.mascus.co.ukhttps://www.mascus.co.uk/wustenberg-landtechnik-gmbh-co-kg-husum/43bc1b12,1,relevance,searchdealer.html",https://www.mascus.co.uk/agriculture/tractors/case-ih-puma-215/qltfxo0l.html
Case IH puma 240 cvx mit rtk CVX,2017,5655h,,"https://www.mascus.co.ukhttps://www.mascus.co.uk/e-farm-gmbh/a39db191,1,relevance,searchdealer.html",https://www.mascus.co.uk/agriculture/tractors/case-ih-puma-240-cvx-mit-rtk-cvx/uh0mumsd.html
Case IH Puma 160 CVX,2012,9572h,,"https://www.mascus.co.ukhttps://www.mascus.co.uk/fricke-landmaschinen-gmbh/43f43291,1,relevance,searchdealer.html",https://www.mascus.co.uk/agriculture/tractors/case-ih-puma-160-cvx/wospubxc.html
Case IH puma 165 mc,2020,1890h,,"https://www.mascus.co.ukhttps://www.mascus.co.uk/e-farm-gmbh/a39db191,1,relevance,searchdealer.html",https://www.mascus.co.uk/agriculture/tractors/case-ih-puma-165-mc/piwkqiym.html
Case IH puma 185 cvx,2021,2490h,,"https://www.mascus.co.ukhttps://www.mascus.co.uk/e-farm-gmbh/a39db191,1,relevance,searchdealer.html",https://www.mascus.co.uk/agriculture/tractors/case-ih-puma-185-cvx/wizmlbtb.html
Case IH Puma 185 CVX,2021,2550h,,"https://www.mascus.co.ukhttps://www.mascus.co.uk/titan-machinery-germany/f5a9c313,1,relevance,searchdealer.html",https://www.mascus.co.uk/agriculture/tractors/case-ih-puma-185-cvx/ukmkvbql.html
Case IH Puma 230 CVX,2011,13180h,,"https://www.mascus.co.ukhttps://www.mascus.co.uk/landtech-vertrieb-dienstleist-bernard-krone-gmbh/e298046c,1,relevance,searchdealer.html",https://www.mascus.co.uk/agriculture/tractors/case-ih-puma-230-cvx/oprlodrd.html
Case IH Puma 240 CVX mit RTK,2019,4325h,,"https://www.mascus.co.ukhttps://www.mascus.co.uk/eder-gmbh-landmaschinen/d1c9e3d8,1,relevance,searchdealer.html",https://www.mascus.co.uk/agriculture/tractors/case-ih-puma-240-cvx-mit-rtk/renpmbrp.html
Case IH PUMA 220 CVX,2017,2560h,,"https://www.mascus.co.ukhttps://www.mascus.co.uk/baywa-ag-gmz-mindelheim/744bbbad,1,relevance,searchdealer.html",https://www.mascus.co.uk/agriculture/tractors/case-ih-puma-220-cvx/opmbsirn.html
Case IH puma 165 mc,2023,"DE-49843 UELSEN, DE",,"https://www.mascus.co.ukhttps://www.mascus.co.uk/e-farm-gmbh/a39db191,1,relevance,searchdealer.html",https://www.mascus.co.uk/agriculture/tractors/case-ih-puma-165-mc/reyqnnsm.html
Case IH Puma 165 MC,2023,"49767 Rühlerfeld, DE",,"https://www.mascus.co.ukhttps://www.mascus.co.uk/e-engbers-sohne-gmbh/c252aaf5,1,relevance,searchdealer.html",https://www.mascus.co.uk/agriculture/tractors/case-ih-puma-165-mc/uexlykpe.html
Case IH PUMA 210,2008,8200h,,"https://www.mascus.co.ukhttps://www.mascus.co.uk/merkantil-export-import-gmbh/7812f4d5,1,relevance,searchdealer.html",https://www.mascus.co.uk/agriculture/tractors/case-ih-puma-210/llsczm0b.html
Case IH puma 185 cvx,2015,7260h,,"https://www.mascus.co.ukhttps://www.mascus.co.uk/e-farm-gmbh/a39db191,1,relevance,searchdealer.html",https://www.mascus.co.uk/agriculture/tractors/case-ih-puma-185-cvx/spxktd0j.html
Case IH puma 150 cvx,2015,2440h,,"https://www.mascus.co.ukhttps://www.mascus.co.uk/e-farm-gmbh/a39db191,1,relevance,searchdealer.html",https://www.mascus.co.uk/agriculture/tractors/case-ih-puma-150-cvx/mb0csflj.html
Case IH PUMA 185 CVX DRIVE,2021,1375h,,"https://www.mascus.co.ukhttps://www.mascus.co.uk/baywa-ag-niederbayern/55d61f37,1,relevance,searchdealer.html",https://www.mascus.co.uk/agriculture/tractors/case-ih-puma-185-cvx-drive/unpeneym.html
Case IH puma 240 cvx mit rtk,2019,4325h,,"https://www.mascus.co.ukhttps://www.mascus.co.uk/e-farm-gmbh/a39db191,1,relevance,searchdealer.html",https://www.mascus.co.uk/agriculture/tractors/case-ih-puma-240-cvx-mit-rtk/ummcscxq.html
Case IH Puma 230 CVX,2013,7720h,,"https://www.mascus.co.ukhttps://www.mascus.co.uk/baywa-ag-wulfershausen/130a12f9,1,relevance,searchdealer.html",https://www.mascus.co.uk/agriculture/tractors/case-ih-puma-230-cvx/tknnxnnk.html
Case IH PUMA 175 CVX #807,2021,1492h,,"https://www.mascus.co.ukhttps://www.mascus.co.uk/baywa-ag-schonau/a4b5d5a2,1,relevance,searchdealer.html",https://www.mascus.co.uk/agriculture/tractors/case-ih-puma-175-cvx-807/lcqkonmp.html
Case IH Puma 210,2008,4455h,,"https://www.mascus.co.ukhttps://www.mascus.co.uk/fritz-brandt-landmaschinen/6d7c7382,1,relevance,searchdealer.html",https://www.mascus.co.uk/agriculture/tractors/case-ih-puma-210/ycylmemm.html
Case IH puma 165 fps,2008,5430h,,"https://www.mascus.co.ukhttps://www.mascus.co.uk/e-farm-gmbh/a39db191,1,relevance,searchdealer.html",https://www.mascus.co.uk/agriculture/tractors/case-ih-puma-165-fps/ynvlxnqb.html
Case IH Puma 210,2011,9400h,,"https://www.mascus.co.ukhttps://www.mascus.co.uk/merkantil-export-import-gmbh/7812f4d5,1,relevance,searchdealer.html",https://www.mascus.co.uk/agriculture/tractors/case-ih-puma-210/tcwiuqrp.html
Case IH PUMA 230 CVX,2014,6341h,,"https://www.mascus.co.ukhttps://www.mascus.co.uk/janson-gmbh-landtechnik/446d7d1d,1,relevance,searchdealer.html",https://www.mascus.co.uk/agriculture/tractors/case-ih-puma-230-cvx/0gsjqqxf.html
Case IH puma 240 cvx CVX,2018,5320h,,"https://www.mascus.co.ukhttps://www.mascus.co.uk/e-farm-gmbh/a39db191,1,relevance,searchdealer.html",https://www.mascus.co.uk/agriculture/tractors/case-ih-puma-240-cvx-cvx/lnymmc0n.html
Case IH Puma 175 CVX,2023,9h,,"https://www.mascus.co.ukhttps://www.mascus.co.uk/eder-gmbh-landmaschinen/d1c9e3d8,1,relevance,searchdealer.html",https://www.mascus.co.uk/agriculture/tractors/case-ih-puma-175-cvx/ncojnksc.html
Case IH puma 220 mc,2022,400h,,"https://www.mascus.co.ukhttps://www.mascus.co.uk/e-farm-gmbh/a39db191,1,relevance,searchdealer.html",https://www.mascus.co.uk/agriculture/tractors/case-ih-puma-220-mc/pqtntiln.html
Case IH Puma 220 MC,2022,619h,,"https://www.mascus.co.ukhttps://www.mascus.co.uk/titan-machinery-germany/f5a9c313,1,relevance,searchdealer.html",https://www.mascus.co.uk/agriculture/tractors/case-ih-puma-220-mc/qhoknjwf.html
Case IH puma 185 cvx,2022,"DE-84539 AMPFING, DE",,"https://www.mascus.co.ukhttps://www.mascus.co.uk/e-farm-gmbh/a39db191,1,relevance,searchdealer.html",https://www.mascus.co.uk/agriculture/tractors/case-ih-puma-185-cvx/snopolsd.html
Case IH puma 130 ep,2013,3300h,,"https://www.mascus.co.ukhttps://www.mascus.co.uk/e-farm-gmbh/a39db191,1,relevance,searchdealer.html",https://www.mascus.co.uk/agriculture/tractors/case-ih-puma-130-ep/yjumyiof.html
Case IH PUMA 210,2010,8228h,,"https://www.mascus.co.ukhttps://www.mascus.co.uk/rebo-landmaschinen-gmbh/c585abcc,1,relevance,searchdealer.html",https://www.mascus.co.uk/agriculture/tractors/case-ih-puma-210/xqvmqevp.html
Case IH Puma 185 CVX,2015,6300h,,"https://www.mascus.co.ukhttps://www.mascus.co.uk/claas-bordesholm-gmbh/7dfa0093,1,relevance,searchdealer.html",https://www.mascus.co.uk/agriculture/tractors/case-ih-puma-185-cvx/soyfocym.html
Case IH Puma 210,2003,9387h,,"https://www.mascus.co.ukhttps://www.mascus.co.uk/claas-vertriebsgesellschaft-mbh-first-claas-used-center-landsberg/3fe53923,1,relevance,searchdealer.html",https://www.mascus.co.uk/agriculture/tractors/case-ih-puma-210/wirn0cmf.html
Case IH PUMA 200 CVXDRIVE,"-, DK",N/A,,"https://www.mascus.co.ukhttps://www.mascus.co.uk/sorensen-og-lynggaard-a-s/33617e4d,1,relevance,searchdealer.html",https://www.mascus.co.uk/agriculture/tractors/case-ih-puma-200-cvxdrive/nmxdvlop.html
Case IH Puma 185 CVX,2019,3517h,,"https://www.mascus.co.ukhttps://www.mascus.co.uk/axima/39abe62f,1,relevance,searchdealer.html",https://www.mascus.co.uk/agriculture/tractors/case-ih-puma-185-cvx/rmwdwlsq.html
Case IH Puma 185,2018,6277h,,"https://www.mascus.co.ukhttps://www.mascus.co.uk/dotnuva-baltic-uab/8a61d000,1,relevance,searchdealer.html",https://www.mascus.co.uk/agriculture/tractors/case-ih-puma-185/qqzbmdxp.html
Case IH Puma 150,2022,860h,,"https://www.mascus.co.ukhttps://www.mascus.co.uk/dotnuva-baltic-uab/8a61d000,1,relevance,searchdealer.html",https://www.mascus.co.uk/agriculture/tractors/case-ih-puma-150/mbxnppvi.html
Case IH Puma 185,2018,4911h,,"https://www.mascus.co.ukhttps://www.mascus.co.uk/dotnuva-baltic-uab/8a61d000,1,relevance,searchdealer.html",https://www.mascus.co.uk/agriculture/tractors/case-ih-puma-185/vpyprm0i.html
Case IH Puma 185,2018,6680h,,"https://www.mascus.co.ukhttps://www.mascus.co.uk/dotnuva-baltic-uab/8a61d000,1,relevance,searchdealer.html",https://www.mascus.co.uk/agriculture/tractors/case-ih-puma-185/0dtp0kwq.html
Case IH Puma 240 CVX,2022,600h,,"https://www.mascus.co.ukhttps://www.mascus.co.uk/dotnuva-baltic-uab/8a61d000,1,relevance,searchdealer.html",https://www.mascus.co.uk/agriculture/tractors/case-ih-puma-240-cvx/tppblbng.html
Case IH Puma 165 KUN 2700 TIMER OG NYE DÆK!,2020,2700h,,"https://www.mascus.co.ukhttps://www.mascus.co.uk/thorup-maskinhandel/ea1d4f9f,1,relevance,searchdealer.html",https://www.mascus.co.uk/agriculture/tractors/case-ih-puma-165-kun-2700-timer-og-nye-dak/vepbnbuo.html
Case IH PUMA 180 CVX MED FRONTLÆSSER,2016,4800h,,"https://www.mascus.co.ukhttps://www.mascus.co.uk/hadsten-maskiner/b172c6cc,1,relevance,searchdealer.html",https://www.mascus.co.uk/agriculture/tractors/case-ih-puma-180-cvx-med-frontlasser/temophqh.html
Case IH Puma 185 CVXDRIVE KUN 1500 TIMER!,2019,1500h,,"https://www.mascus.co.ukhttps://www.mascus.co.uk/thorup-maskinhandel/ea1d4f9f,1,relevance,searchdealer.html",https://www.mascus.co.uk/agriculture/tractors/case-ih-puma-185-cvxdrive-kun-1500-timer/miyqpkzk.html
Case IH Puma 240 CVX,2020,"Karlstad, Värmlands län, SE",,"https://www.mascus.co.ukhttps://www.mascus.co.uk/maskin-vast-ab/a845c38d,1,relevance,searchdealer.html",https://www.mascus.co.uk/agriculture/tractors/case-ih-puma-240-cvx/yclbtnyb.html
Case IH Puma 175 CVX,2023,"Rinkaby, SE",,"https://www.mascus.co.ukhttps://www.mascus.co.uk/rinkaby-maskin-ab/c202248a,1,relevance,searchdealer.html",https://www.mascus.co.uk/agriculture/tractors/case-ih-puma-175-cvx/wnlo0dvm.html
Case IH Puma 180 CVX,2011,8500h,,"https://www.mascus.co.ukhttps://www.mascus.co.uk/traktor-hostspecialisten-hvam/f6ee5538,1,relevance,searchdealer.html",https://www.mascus.co.uk/agriculture/tractors/case-ih-puma-180-cvx/memjvprp.html
Case IH PUMA 240 CVX,2021,1727h,,"https://www.mascus.co.ukhttps://www.mascus.co.uk/semler-agro-a-s-used-equipment-center/41fce8d4,1,relevance,searchdealer.html",https://www.mascus.co.uk/agriculture/tractors/case-ih-puma-240-cvx/qnwirdsm.html
Case IH Puma 230 CVX,2012,7590h,,"https://www.mascus.co.ukhttps://www.mascus.co.uk/hjalstaby-automek-ab/f000cc1a,1,relevance,searchdealer.html",https://www.mascus.co.uk/agriculture/tractors/case-ih-puma-230-cvx/noyk0ork.html
Case IH Puma 150,2020,3882h,,"https://www.mascus.co.ukhttps://www.mascus.co.uk/sd-kjarsgaard-a-s/225b22c8,1,relevance,searchdealer.html",https://www.mascus.co.uk/agriculture/tractors/case-ih-puma-150/rgskwmop.html
Case IH Puma 150,2020,4824h,,"https://www.mascus.co.ukhttps://www.mascus.co.uk/sd-kjarsgaard-a-s/225b22c8,1,relevance,searchdealer.html",https://www.mascus.co.uk/agriculture/tractors/case-ih-puma-150/mowosoxm.html
Case IH Puma 185,2016,3560h,,"https://www.mascus.co.ukhttps://www.mascus.co.uk/baltic-agro-machinery-uab/e232e6da,1,relevance,searchdealer.html",https://www.mascus.co.uk/agriculture/tractors/case-ih-puma-185/qoymllyi.html
Case IH Puma 210,2009,8900h,,"https://www.mascus.co.ukhttps://www.mascus.co.uk/thorup-maskinhandel/ea1d4f9f,1,relevance,searchdealer.html",https://www.mascus.co.uk/agriculture/tractors/case-ih-puma-210/ndriqppl.html
Case IH PUMA 180,2008,"Cekcyn, PL",,"https://www.mascus.co.ukhttps://www.mascus.co.uk/pestrol-jerzy-pestka/2862638e,1,relevance,searchdealer.html",https://www.mascus.co.uk/agriculture/tractors/case-ih-puma-180/uooqzhsh.html
Case IH PUMA 180,2008,"Cekcyn, PL",,"https://www.mascus.co.ukhttps://www.mascus.co.uk/pestrol-jerzy-pestka/2862638e,1,relevance,searchdealer.html",https://www.mascus.co.uk/agriculture/tractors/case-ih-puma-180/woofoepc.html
Case IH Puma 195,2007,7500h,,"https://www.mascus.co.ukhttps://www.mascus.co.uk/maskincentrum-a-s/839911ed,1,relevance,searchdealer.html",https://www.mascus.co.uk/agriculture/tractors/case-ih-puma-195/mengzbpf.html
Case IH Puma 240 CVX,2022,614h,,"https://www.mascus.co.ukhttps://www.mascus.co.uk/titan-machinery-romania-srl/793ecf1b,1,relevance,searchdealer.html",https://www.mascus.co.uk/agriculture/tractors/case-ih-puma-240-cvx/zkwqvexb.html
Case IH Puma 195,2008,5900h,,"https://www.mascus.co.ukhttps://www.mascus.co.uk/sundahls-maskinaffar-ab/3d7946c7,1,relevance,searchdealer.html",https://www.mascus.co.uk/agriculture/tractors/case-ih-puma-195/rprbpgqk.html
Case IH Puma 160,2015,6290h,,"https://www.mascus.co.ukhttps://www.mascus.co.uk/agritehnica-service-s-r-l/d681f494,1,relevance,searchdealer.html",https://www.mascus.co.uk/agriculture/tractors/case-ih-puma-160/wp0fobsf.html
Case IH Puma 200 KUN 3600 TIMER!,2016,3600h,,"https://www.mascus.co.ukhttps://www.mascus.co.uk/thorup-maskinhandel/ea1d4f9f,1,relevance,searchdealer.html",https://www.mascus.co.uk/agriculture/tractors/case-ih-puma-200-kun-3600-timer/llpjzjqd.html
Case IH Puma 200 CVXDRIVE,2024,"Spøttrup, DK",,"https://www.mascus.co.ukhttps://www.mascus.co.uk/salling-traktorservice-a-s/844fd0c2,1,relevance,searchdealer.html",https://www.mascus.co.uk/agriculture/tractors/case-ih-puma-200-cvxdrive/yo0nrbqd.html
Case IH Puma 150,2020,475h,,"https://www.mascus.co.ukhttps://www.mascus.co.uk/bjarke-holland-pedersen/1c839c49,1,relevance,searchdealer.html",https://www.mascus.co.uk/agriculture/tractors/case-ih-puma-150/zcpmnjmn.html
Case IH Puma 165,2020,800h,,"https://www.mascus.co.ukhttps://www.mascus.co.uk/ltc-zwettl/2004c4d0,1,relevance,searchdealer.html",https://www.mascus.co.uk/agriculture/tractors/case-ih-puma-165/ukxownok.html
Case IH Puma 200 KUN 2400 TIMER! MED FRONT PTO OG LÆSSER B,2018,2400h,,"https://www.mascus.co.ukhttps://www.mascus.co.uk/thorup-maskinhandel/ea1d4f9f,1,relevance,searchdealer.html",https://www.mascus.co.uk/agriculture/tractors/case-ih-puma-200-kun-2400-timer-med-front-pto-og-lasser-b/yc0hykrd.html
Case IH Puma 140 Multicontroller,2011,5610h,,"https://www.mascus.co.ukhttps://www.mascus.co.uk/lantmannen-agro-lahti/6bd5bbf3,1,relevance,searchdealer.html",https://www.mascus.co.uk/agriculture/tractors/case-ih-puma-140-multicontroller/ngqkof0o.html
Case IH Puma 225 CVX,9034h,"Gjerlev J., DK",,"https://www.mascus.co.ukhttps://www.mascus.co.uk/lykkesmeden-a-s/3ca5ca4f,1,relevance,searchdealer.html",https://www.mascus.co.uk/agriculture/tractors/case-ih-puma-225-cvx/xismyeoc.html
Case IH Puma 185,2018,3896h,,"https://www.mascus.co.ukhttps://www.mascus.co.uk/agropark/134ecc3b,1,relevance,searchdealer.html",https://www.mascus.co.uk/agriculture/tractors/case-ih-puma-185/rbvdqfpj.html
Case IH Puma 165 CVX,2024,"Hurup Thy, DK",,"https://www.mascus.co.ukhttps://www.mascus.co.uk/nordvestjysk-traktorservice-a-s/b92e9729,1,relevance,searchdealer.html",https://www.mascus.co.uk/agriculture/tractors/case-ih-puma-165-cvx/sk0oyelg.html
Case IH PUMA 185 CVX KUN 4300 TIMER OG MED AUTOSTYRING!,2019,4300h,,"https://www.mascus.co.ukhttps://www.mascus.co.uk/thorup-maskinhandel/ea1d4f9f,1,relevance,searchdealer.html",https://www.mascus.co.uk/agriculture/tractors/case-ih-puma-185-cvx-kun-4300-timer-og-med-autostyring/lpzllpqk.html
Case IH Puma 140,2021,115h,,"https://www.mascus.co.ukhttps://www.mascus.co.uk/valtek-sia/236b51e2,1,relevance,searchdealer.html",https://www.mascus.co.uk/agriculture/tractors/case-ih-puma-140/xk0m0kmf.html
Case IH Puma 240 CVX evt. med RTK GPS anlæg,2018,3170h,,"https://www.mascus.co.ukhttps://www.mascus.co.uk/lintrup-maskinhandel/5bd08183,1,relevance,searchdealer.html",https://www.mascus.co.uk/agriculture/tractors/case-ih-puma-240-cvx-evt-med-rtk-gps-anlag/wclezlwb.html
Case IH Puma 175 CVX,2019,3990h,,"https://www.mascus.co.ukhttps://www.mascus.co.uk/axima/39abe62f,1,relevance,searchdealer.html",https://www.mascus.co.uk/agriculture/tractors/case-ih-puma-175-cvx/vfqnpbng.html
Case IH Puma 240 CVX,2021,1380h,,"https://www.mascus.co.ukhttps://www.mascus.co.uk/salling-traktorservice-a-s/844fd0c2,1,relevance,searchdealer.html",https://www.mascus.co.uk/agriculture/tractors/case-ih-puma-240-cvx/pnlcpfsd.html
Case IH Puma 230 CVX,2016,4500h,,"https://www.mascus.co.ukhttps://www.mascus.co.uk/inter-tractor-oy/1d042153,1,relevance,searchdealer.html",https://www.mascus.co.uk/agriculture/tractors/case-ih-puma-230-cvx/tbrnrfwd.html
Case IH Puma 165 MCE,2020,3649h,,"https://www.mascus.co.ukhttps://www.mascus.co.uk/seinajoen-konerengas-oy/2da9c463,1,relevance,searchdealer.html",https://www.mascus.co.uk/agriculture/tractors/case-ih-puma-165-mce/leuclnlj.html
"Case IH Puma 230 CVX lastare, frontlyft, Pto",2014,4650h,,"https://www.mascus.co.ukhttps://www.mascus.co.uk/maskin-vast-ab/a845c38d,1,relevance,searchdealer.html",https://www.mascus.co.uk/agriculture/tractors/case-ih-puma-230-cvx-lastare-frontlyft-pto/mdsfolvd.html
Case IH Puma 230 CVX,2015,10222h,,"https://www.mascus.co.ukhttps://www.mascus.co.uk/sd-kjarsgaard-a-s/225b22c8,1,relevance,searchdealer.html",https://www.mascus.co.uk/agriculture/tractors/case-ih-puma-230-cvx/pdtpshvc.html
Case IH PUMA 220 CVX,2019,4866h,,"https://www.mascus.co.ukhttps://www.mascus.co.uk/brdr-holst-sorensen-a-s/7e7f4365,1,relevance,searchdealer.html",https://www.mascus.co.uk/agriculture/tractors/case-ih-puma-220-cvx/skxirjzp.html
Case IH PUMA 185 CVX,2019,3856h,,"https://www.mascus.co.ukhttps://www.mascus.co.uk/brdr-holst-sorensen-a-s/7e7f4365,1,relevance,searchdealer.html",https://www.mascus.co.uk/agriculture/tractors/case-ih-puma-185-cvx/uenqpeun.html
Case IH Puma 215 Cvx med Frontlæsser,6326h,"Horsens, DK",,"https://www.mascus.co.ukhttps://www.mascus.co.uk/yding-smedie-maskiner-a-s/8b09e70a,1,relevance,searchdealer.html",https://www.mascus.co.uk/agriculture/tractors/case-ih-puma-215-cvx-med-frontlasser/nj0btlvi.html
Case IH PUMA 180 CVX + FL + GPSF,2010,5200h,,"https://www.mascus.co.ukhttps://www.mascus.co.uk/lantmannen-maskin-ab/dcd4c033,1,relevance,searchdealer.html",https://www.mascus.co.uk/agriculture/tractors/case-ih-puma-180-cvx-fl-gpsf/zlpjwgod.html
Case IH PUMA 240 CVXDRIVE Med luftbremse udtag,2021,1770h,,"https://www.mascus.co.ukhttps://www.mascus.co.uk/sd-kjarsgaard-a-s/225b22c8,1,relevance,searchdealer.html",https://www.mascus.co.uk/agriculture/tractors/case-ih-puma-240-cvxdrive-med-luftbremse-udtag/sdzisomb.html
Case IH PUMA 240 CVXDRIVE,2020,3500h,,"https://www.mascus.co.ukhttps://www.mascus.co.uk/flemlose-maskinforretning/11f92816,1,relevance,searchdealer.html",https://www.mascus.co.uk/agriculture/tractors/case-ih-puma-240-cvxdrive/qbxlqqpd.html
Case IH Puma 170 CVX,2013,7100h,,"https://www.mascus.co.ukhttps://www.mascus.co.uk/agri-radrol-sp-z-o-o/e0d6455f,1,relevance,searchdealer.html",https://www.mascus.co.uk/agriculture/tractors/case-ih-puma-170-cvx/seoirozq.html
Case IH Puma,2002,9876h,,"https://www.mascus.co.ukhttps://www.mascus.co.uk/%D1%82%D1%80%D0%B8%D0%B4%D0%B0%D0%B0%D0%B3%D1%80%D0%BE/f7a9a4e4,1,relevance,searchdealer.html",https://www.mascus.co.uk/agriculture/tractors/case-ih-puma/ximhuelq.html
Case IH PUMA 240 CVXDRIVE,2019,3400h,,"https://www.mascus.co.ukhttps://www.mascus.co.uk/sd-kjarsgaard-a-s/225b22c8,1,relevance,searchdealer.html",https://www.mascus.co.uk/agriculture/tractors/case-ih-puma-240-cvxdrive/tqyczcrd.html
Case IH PUMA 240 CVXDRIVE,2021,2743h,,"https://www.mascus.co.ukhttps://www.mascus.co.uk/sd-kjarsgaard-a-s/225b22c8,1,relevance,searchdealer.html",https://www.mascus.co.uk/agriculture/tractors/case-ih-puma-240-cvxdrive/lfmgwhpg.html
Case IH PUMA 240 CVXDRIVE,2021,2743h,,"https://www.mascus.co.ukhttps://www.mascus.co.uk/sd-kjarsgaard-a-s/225b22c8,1,relevance,searchdealer.html",https://www.mascus.co.uk/agriculture/tractors/case-ih-puma-240-cvxdrive/lfmgwhpg.html
Case IH Puma 240,2018,1600h,,"https://www.mascus.co.ukhttps://www.mascus.co.uk/sjorup-group-a-s/03de5c40,1,relevance,searchdealer.html",https://www.mascus.co.uk/agriculture/tractors/case-ih-puma-240/neonwezh.html
Case IH PUMA 185 CVX med læsser står på Sjælland,2019,3800h,,"https://www.mascus.co.ukhttps://www.mascus.co.uk/sd-kjarsgaard-a-s/225b22c8,1,relevance,searchdealer.html",https://www.mascus.co.uk/agriculture/tractors/case-ih-puma-185-cvx-med-lasser-star-pa-sjalland/yilnmjxn.html
Case IH Puma 195,"-, CN",N/A,,N/A,https://www.mascus.co.uk/agriculture/tractors/case-ih-puma-195/omvqxdwq.html
Case IH PUMA 2104,"-, CN",N/A,,N/A,https://www.mascus.co.uk/agriculture/tractors/case-ih-puma-2104/0opdohrm.html
Case IH PUMA 210,2008,10587h,,"https://www.mascus.co.ukhttps://www.mascus.co.uk/baltic-agro-machinery-sia/763a47c5,1,relevance,searchdealer.html",https://www.mascus.co.uk/agriculture/tractors/case-ih-puma-210/ugrdxbsi.html
Case IH Puma 160,2012,9326h,,N/A,https://www.mascus.co.uk/agriculture/tractors/case-ih-puma-160/plybnlye.html
Case IH Puma 230 CVX,2012,8966h,,"https://www.mascus.co.ukhttps://www.mascus.co.uk/haka-center-oy/3bcd1902,1,relevance,searchdealer.html",https://www.mascus.co.uk/agriculture/tractors/case-ih-puma-230-cvx/obyguplm.html
Case IH Puma 240 CVX,2023,400h,,"https://www.mascus.co.ukhttps://www.mascus.co.uk/haka-center-oy/3bcd1902,1,relevance,searchdealer.html",https://www.mascus.co.uk/agriculture/tractors/case-ih-puma-240-cvx/nemdvkyi.html
Case IH Puma 230 CVX,2015,3700h,,"https://www.mascus.co.ukhttps://www.mascus.co.uk/agri-cs-magyarorszag-kft/e7423625,1,relevance,searchdealer.html",https://www.mascus.co.uk/agriculture/tractors/case-ih-puma-230-cvx/smzi0cmc.html
Case IH PUMA 2304,2018,4846h,,N/A,https://www.mascus.co.uk/agriculture/tractors/case-ih-puma-2304/rhrdymxe.html
Case IH PUMA 240 CVX,2016,4900h,,"https://www.mascus.co.ukhttps://www.mascus.co.uk/sorensen-og-lynggaard-a-s/33617e4d,1,relevance,searchdealer.html",https://www.mascus.co.uk/agriculture/tractors/case-ih-puma-240-cvx/rmxm0ktn.html
Case IH puma 230 cvx,2014,6965h,,"https://www.mascus.co.ukhttps://www.mascus.co.uk/sd-kjarsgaard-a-s/225b22c8,1,relevance,searchdealer.html",https://www.mascus.co.uk/agriculture/tractors/case-ih-puma-230-cvx/0pxfygtg.html
Case IH IH Puma 200 Tractor,2023,10h,,"https://www.mascus.co.ukhttps://www.mascus.co.uk/maxutil-heavy-machinery-s-r-l/c29cfb22,1,relevance,searchdealer.html",https://www.mascus.co.uk/agriculture/tractors/case-ih-ih-puma-200-tractor/ohpgpfuc.html
Case IH Puma 240 CVX,2023,90h,,"https://www.mascus.co.ukhttps://www.mascus.co.uk/frost-traktor-maskinservice/56f05a0f,1,relevance,searchdealer.html",https://www.mascus.co.uk/agriculture/tractors/case-ih-puma-240-cvx/ljqqnexm.html
"Case IH Puma 175 CVX, Quicke Q6M, GPS/RTK",2020,3000h,,"https://www.mascus.co.ukhttps://www.mascus.co.uk/traktor-nord-ab/c3812b52,1,relevance,searchdealer.html",https://www.mascus.co.uk/agriculture/tractors/case-ih-puma-175-cvx-quicke-q6m-gps-rtk/ncrjulrj.html
Case IH PUMA 240 CVXDRIVE Med GPS,2020,3350h,,"https://www.mascus.co.ukhttps://www.mascus.co.uk/sd-kjarsgaard-a-s/225b22c8,1,relevance,searchdealer.html",https://www.mascus.co.uk/agriculture/tractors/case-ih-puma-240-cvxdrive-med-gps/zilemmqm.html
Case IH Puma 200 CVX AFS,2024,"-, SE",,"https://www.mascus.co.ukhttps://www.mascus.co.uk/maskin-vast-ab/a845c38d,1,relevance,searchdealer.html",https://www.mascus.co.uk/agriculture/tractors/case-ih-puma-200-cvx-afs/tdnlwppp.html
Case IH PUMA 240 CVX,2023,"Kempele, Pohjois-Pohjanmaa, FI",,"https://www.mascus.co.ukhttps://www.mascus.co.uk/haka-center-oy/3bcd1902,1,relevance,searchdealer.html",https://www.mascus.co.uk/agriculture/tractors/case-ih-puma-240-cvx/wklpxpyn.html
Case IH PUMA 240 CVX,2018,4200h,,"https://www.mascus.co.ukhttps://www.mascus.co.uk/haka-center-oy/3bcd1902,1,relevance,searchdealer.html",https://www.mascus.co.uk/agriculture/tractors/case-ih-puma-240-cvx/ucoowcpo.html
Case IH PUMA 150 CVT,2018,"Lethbridge, Alberta, CA",,N/A,https://www.mascus.co.uk/agriculture/tractors/case-ih-puma-150-cvt/tftcwpze.html
Case IH PUMA 140 RC,2018,1900h,,"https://www.mascus.co.ukhttps://www.mascus.co.uk/hankkija-seinajoki-konekeskus/1e584364,1,relevance,searchdealer.html",https://www.mascus.co.uk/agriculture/tractors/case-ih-puma-140-rc/mdxdqmvg.html
Case IH Puma 210,2010,7300h,,"https://www.mascus.co.ukhttps://www.mascus.co.uk/%D1%82%D1%80%D0%B8%D0%B4%D0%B0%D0%B0%D0%B3%D1%80%D0%BE/f7a9a4e4,1,relevance,searchdealer.html",https://www.mascus.co.uk/agriculture/tractors/case-ih-puma-210/zdtmtcrl.html
Case IH Puma 210,2008,5441h,,"https://www.mascus.co.ukhttps://www.mascus.co.uk/%D1%82%D1%80%D0%B8%D0%B4%D0%B0%D0%B0%D0%B3%D1%80%D0%BE/f7a9a4e4,1,relevance,searchdealer.html",https://www.mascus.co.uk/agriculture/tractors/case-ih-puma-210/lknguerg.html
Case IH Puma 185 CVX,2019,4300h,,"https://www.mascus.co.ukhttps://www.mascus.co.uk/agri-cs-magyarorszag-kft/e7423625,1,relevance,searchdealer.html",https://www.mascus.co.uk/agriculture/tractors/case-ih-puma-185-cvx/umyftbme.html
Case IH Puma 160 CVX,2013,6441h,,"https://www.mascus.co.ukhttps://www.mascus.co.uk/axima/39abe62f,1,relevance,searchdealer.html",https://www.mascus.co.uk/agriculture/tractors/case-ih-puma-160-cvx/ymxl0llg.html
Case IH Puma 200,2023,2h,,"https://www.mascus.co.ukhttps://www.mascus.co.uk/mirtrans-ploskinia-sp-z-o-o/c493d632,1,relevance,searchdealer.html",https://www.mascus.co.uk/agriculture/tractors/case-ih-puma-200/qduhrgtc.html
Case IH Puma 150,2022,1076h,,"https://www.mascus.co.ukhttps://www.mascus.co.uk/amazone-sia/33b1f2fb,1,relevance,searchdealer.html",https://www.mascus.co.uk/agriculture/tractors/case-ih-puma-150/ygogqhwj.html
Case IH PUMA 160 CVX,2013,11970h,,"https://www.mascus.co.ukhttps://www.mascus.co.uk/reni-macchine-s-r-l/d700b456,1,relevance,searchdealer.html",https://www.mascus.co.uk/agriculture/tractors/case-ih-puma-160-cvx/oiyionxk.html
Case IH,"Give, DK",N/A,,"https://www.mascus.co.ukhttps://www.mascus.co.uk/traktorgarden-give-aps/419e2eb9,1,relevance,searchdealer.html",https://www.mascus.co.uk/agriculture/tractors/case-ih/vcmdxlxl.html
Case IH PUMA 240 CVX,2019,5503h,,"https://www.mascus.co.ukhttps://www.mascus.co.uk/semler-agro-a-s-used-equipment-center/41fce8d4,1,relevance,searchdealer.html",https://www.mascus.co.uk/agriculture/tractors/case-ih-puma-240-cvx/nqynplpb.html
Case IH Puma 185,2017,7003h,,"https://www.mascus.co.ukhttps://www.mascus.co.uk/tatoli-as/f535ab9f,1,relevance,searchdealer.html",https://www.mascus.co.uk/agriculture/tractors/case-ih-puma-185/nm0evbnc.html
Case IH Puma 240 CVX med GPS,2022,80h,,"https://www.mascus.co.ukhttps://www.mascus.co.uk/sd-kjarsgaard-a-s/225b22c8,1,relevance,searchdealer.html",https://www.mascus.co.uk/agriculture/tractors/case-ih-puma-240-cvx-med-gps/rizfuflp.html
Case IH puma 200,2018,3000h,,"https://www.mascus.co.ukhttps://www.mascus.co.uk/e-farm-gmbh/a39db191,1,relevance,searchdealer.html",https://www.mascus.co.uk/agriculture/tractors/case-ih-puma-200/xnxkwhnk.html
Case IH Puma 160,2012,5700h,,"https://www.mascus.co.ukhttps://www.mascus.co.uk/taure-as/8477ba05,1,relevance,searchdealer.html",https://www.mascus.co.uk/agriculture/tractors/case-ih-puma-160/tbscsgvp.html
Case IH Puma 155 Ålö Q65,2010,4470h,,"https://www.mascus.co.ukhttps://www.mascus.co.uk/traktor-nord-ab/c3812b52,1,relevance,searchdealer.html",https://www.mascus.co.uk/agriculture/tractors/case-ih-puma-155-alo-q65/xnypybpg.html
Case IH Puma 200,2023,10h,,"https://www.mascus.co.ukhttps://www.mascus.co.uk/mirtrans-ploskinia-sp-z-o-o/c493d632,1,relevance,searchdealer.html",https://www.mascus.co.uk/agriculture/tractors/case-ih-puma-200/mjwexiub.html
Case IH Puma 150,2023,20h,,"https://www.mascus.co.ukhttps://www.mascus.co.uk/mirtrans-ploskinia-sp-z-o-o/c493d632,1,relevance,searchdealer.html",https://www.mascus.co.uk/agriculture/tractors/case-ih-puma-150/mkxgtn0q.html
Case IH Puma 215 med frontlæsser.,2013,10900h,,"https://www.mascus.co.ukhttps://www.mascus.co.uk/nordvestjysk-traktorservice-a-s/b92e9729,1,relevance,searchdealer.html",https://www.mascus.co.uk/agriculture/tractors/case-ih-puma-215-med-frontlasser/nnsdzdxm.html
Case IH Puma 225 CVX,2011,7995h,,"https://www.mascus.co.ukhttps://www.mascus.co.uk/agro-maskiner-ab/353be10c,1,relevance,searchdealer.html",https://www.mascus.co.uk/agriculture/tractors/case-ih-puma-225-cvx/vornxcmf.html
Case IH Puma 195,2003,"Legnago, Verona, IT",,"https://www.mascus.co.ukhttps://www.mascus.co.uk/dalla-vecchia-fabrizio-c/0ee75a34,1,relevance,searchdealer.html",https://www.mascus.co.uk/agriculture/tractors/case-ih-puma-195/qmscrezo.html
Case IH PUMA 155,2010,5490h,,"https://www.mascus.co.ukhttps://www.mascus.co.uk/sorensen-og-lynggaard-a-s/33617e4d,1,relevance,searchdealer.html",https://www.mascus.co.uk/agriculture/tractors/case-ih-puma-155/rfsfoozf.html
Case IH Puma 230 CVX,2012,10000h,,"https://www.mascus.co.ukhttps://www.mascus.co.uk/agrinovac-srl/df7d7e0f,1,relevance,searchdealer.html",https://www.mascus.co.uk/agriculture/tractors/case-ih-puma-230-cvx/siximjxc.html
Case IH PUMA 220,2017,6074h,,"https://www.mascus.co.ukhttps://www.mascus.co.uk/dojus-agro-uab/b6ae375b,1,relevance,searchdealer.html",https://www.mascus.co.uk/agriculture/tractors/case-ih-puma-220/sl0itdyb.html
Case IH Puma 240 CVX,2018,6475h,,"https://www.mascus.co.ukhttps://www.mascus.co.uk/axima/39abe62f,1,relevance,searchdealer.html",https://www.mascus.co.uk/agriculture/tractors/case-ih-puma-240-cvx/lgwgzlpq.html
Case IH PUMA 240 CVX,2021,2760h,,"https://www.mascus.co.ukhttps://www.mascus.co.uk/semler-agro-a-s-used-equipment-center/41fce8d4,1,relevance,searchdealer.html",https://www.mascus.co.uk/agriculture/tractors/case-ih-puma-240-cvx/texkxele.html
Case IH PUMA 240 CVXDRIVE,2023,"Vrå, Frejlev, Hornslet & Ringsted, DK",,"https://www.mascus.co.ukhttps://www.mascus.co.uk/sd-kjarsgaard-a-s/225b22c8,1,relevance,searchdealer.html",https://www.mascus.co.uk/agriculture/tractors/case-ih-puma-240-cvxdrive/zitd0pti.html
Case IH PUMA 165,2023,129h,,N/A,https://www.mascus.co.uk/agriculture/tractors/case-ih-puma-165/sipionxg.html
Case IH PUMA 230 CVX,2015,5800h,,"https://www.mascus.co.ukhttps://www.mascus.co.uk/j-hundahl-a-s/1f3e9b3f,1,relevance,searchdealer.html",https://www.mascus.co.uk/agriculture/tractors/case-ih-puma-230-cvx/0nte0prg.html
Case IH PUMA 160 Med Trima +5.1P frontlæsser.,2013,5550h,,"https://www.mascus.co.ukhttps://www.mascus.co.uk/salling-traktorservice-a-s/844fd0c2,1,relevance,searchdealer.html",https://www.mascus.co.uk/agriculture/tractors/case-ih-puma-160-med-trima-5-1p-frontlasser/pfzblexe.html
Case IH PUMA 160 CVX Med Ålø Q66 frontlæsser.,2013,9600h,,"https://www.mascus.co.ukhttps://www.mascus.co.uk/salling-traktorservice-a-s/844fd0c2,1,relevance,searchdealer.html",https://www.mascus.co.uk/agriculture/tractors/case-ih-puma-160-cvx-med-alo-q66-frontlasser/phrerqtc.html
Case IH Puma 240 CVX,2018,8600h,,"https://www.mascus.co.ukhttps://www.mascus.co.uk/maskincentrum-a-s/839911ed,1,relevance,searchdealer.html",https://www.mascus.co.uk/agriculture/tractors/case-ih-puma-240-cvx/ymwkpbyq.html
Case IH Puma 230 CVX,2014,6700h,,"https://www.mascus.co.ukhttps://www.mascus.co.uk/agriland-ou/18fb8510,1,relevance,searchdealer.html",https://www.mascus.co.uk/agriculture/tractors/case-ih-puma-230-cvx/ycmnljwm.html
Case IH Puma 230Cvx,2015,10200h,,"https://www.mascus.co.ukhttps://www.mascus.co.uk/sd-kjarsgaard-a-s/225b22c8,1,relevance,searchdealer.html",https://www.mascus.co.uk/agriculture/tractors/case-ih-puma-230cvx/xe0bmerl.html
Case IH PUMA 175 CVX,2023,380h,,"https://www.mascus.co.ukhttps://www.mascus.co.uk/agco-suomi-oy-iisalmi/d2a2e017,1,relevance,searchdealer.html",https://www.mascus.co.uk/agriculture/tractors/case-ih-puma-175-cvx/xjynnete.html
Case IH Puma 165 CVX,2023,380h,,"https://www.mascus.co.ukhttps://www.mascus.co.uk/koskitraktori-oy/71cc058f,1,relevance,searchdealer.html",https://www.mascus.co.uk/agriculture/tractors/case-ih-puma-165-cvx/lkomvjno.html
Case IH PUMA 240 CVXDRIVE,2020,2284h,,"https://www.mascus.co.ukhttps://www.mascus.co.uk/yding-smedie-maskiner-a-s/8b09e70a,1,relevance,searchdealer.html",https://www.mascus.co.uk/agriculture/tractors/case-ih-puma-240-cvxdrive/viqltnqg.html
Case IH Puma 240 CVX,2023,315h,,"https://www.mascus.co.ukhttps://www.mascus.co.uk/agropark/134ecc3b,1,relevance,searchdealer.html",https://www.mascus.co.uk/agriculture/tractors/case-ih-puma-240-cvx/plnmrnvl.html
Case IH Puma 240,2019,"Sjørup Group A/S tel. +45 97 54 83 00, DK",,"https://www.mascus.co.ukhttps://www.mascus.co.uk/sjorup-group-a-s/03de5c40,1,relevance,searchdealer.html",https://www.mascus.co.uk/agriculture/tractors/case-ih-puma-240/0evjxgxg.html
Case IH Puma 140 X med frontlæsser,2024,"Horsens, DK",,"https://www.mascus.co.ukhttps://www.mascus.co.uk/yding-smedie-maskiner-a-s/8b09e70a,1,relevance,searchdealer.html",https://www.mascus.co.uk/agriculture/tractors/case-ih-puma-140-x-med-frontlasser/ofscphyp.html
Case IH PUMA 160 CVX,2011,"-, IT",,"https://www.mascus.co.ukhttps://www.mascus.co.uk/sergio-bassan/5b34a520,1,relevance,searchdealer.html",https://www.mascus.co.uk/agriculture/tractors/case-ih-puma-160-cvx/zjpommli.html
Case IH Puma 160,2014,"Sjørup Group A/S tel. +45 97 54 83 00, DK",,"https://www.mascus.co.ukhttps://www.mascus.co.uk/sjorup-group-a-s/03de5c40,1,relevance,searchdealer.html",https://www.mascus.co.uk/agriculture/tractors/case-ih-puma-160/yqwlunrg.html
Case IH PUMA 195,2012,12700h,,"https://www.mascus.co.ukhttps://www.mascus.co.uk/agco-suomi-oy-kokkola/05479a02,1,relevance,searchdealer.html",https://www.mascus.co.uk/agriculture/tractors/case-ih-puma-195/zgxezovo.html
Case IH PUMA 185 CVT,2017,770h,,N/A,https://www.mascus.co.uk/agriculture/tractors/case-ih-puma-185-cvt/ziseqklc.html
Case IH puma 170,2015,4690h,,"https://www.mascus.co.ukhttps://www.mascus.co.uk/frost-traktor-maskinservice/56f05a0f,1,relevance,searchdealer.html",https://www.mascus.co.uk/agriculture/tractors/case-ih-puma-170/xclkvotf.html
Case IH PUMA 145 CVX,2011,7413h,,"https://www.mascus.co.ukhttps://www.mascus.co.uk/brdr-holst-sorensen-a-s/7e7f4365,1,relevance,searchdealer.html",https://www.mascus.co.uk/agriculture/tractors/case-ih-puma-145-cvx/vmnprpvf.html
Case IH PUMA 200 MULTICONTRO,2023,"-, DK",,"https://www.mascus.co.ukhttps://www.mascus.co.uk/brdr-holst-sorensen-a-s/7e7f4365,1,relevance,searchdealer.html",https://www.mascus.co.uk/agriculture/tractors/case-ih-puma-200-multicontro/mdyglq0f.html
Case IH Puma 145,2016,6400h,,"https://www.mascus.co.ukhttps://www.mascus.co.uk/konemyynti-k-kauppinen-oy/39cdbbeb,1,relevance,searchdealer.html",https://www.mascus.co.uk/agriculture/tractors/case-ih-puma-145/reyc0kzp.html
Case IH Puma 240 CVX,2015,3527h,,"https://www.mascus.co.ukhttps://www.mascus.co.uk/yding-smedie-maskiner-a-s/8b09e70a,1,relevance,searchdealer.html",https://www.mascus.co.uk/agriculture/tractors/case-ih-puma-240-cvx/vbrqnmuf.html
Case IH Puma 165 CVX,2021,1920h,,"https://www.mascus.co.ukhttps://www.mascus.co.uk/seinajoen-konerengas-oy/2da9c463,1,relevance,searchdealer.html",https://www.mascus.co.uk/agriculture/tractors/case-ih-puma-165-cvx/tbsltkwm.html
Case IH Puma 240 CVX,2018,4290h,,"https://www.mascus.co.ukhttps://www.mascus.co.uk/yding-smedie-maskiner-a-s/8b09e70a,1,relevance,searchdealer.html",https://www.mascus.co.uk/agriculture/tractors/case-ih-puma-240-cvx/opvlpbqm.html
Case IH Puma 200,2019,2975h,,"https://www.mascus.co.ukhttps://www.mascus.co.uk/yding-smedie-maskiner-a-s/8b09e70a,1,relevance,searchdealer.html",https://www.mascus.co.uk/agriculture/tractors/case-ih-puma-200/wnqhtqtm.html
Case IH PUMA 240 CVX,2020,4328h,,"https://www.mascus.co.ukhttps://www.mascus.co.uk/brdr-holst-sorensen-a-s/7e7f4365,1,relevance,searchdealer.html",https://www.mascus.co.uk/agriculture/tractors/case-ih-puma-240-cvx/wdpizmwh.html
Case IH PUMA 165 CVX,2020,3529h,,"https://www.mascus.co.ukhttps://www.mascus.co.uk/brdr-holst-sorensen-a-s/7e7f4365,1,relevance,searchdealer.html",https://www.mascus.co.uk/agriculture/tractors/case-ih-puma-165-cvx/pfrdnpoh.html
Case IH PUMA 240 CVX,2020,3789h,,"https://www.mascus.co.ukhttps://www.mascus.co.uk/brdr-holst-sorensen-a-s/7e7f4365,1,relevance,searchdealer.html",https://www.mascus.co.uk/agriculture/tractors/case-ih-puma-240-cvx/liob0nuh.html
Case IH PUMA 200 Multicontroller,2023,5h,,"https://www.mascus.co.ukhttps://www.mascus.co.uk/agro-serwis-ds-spolka-z-ograniczona-odpowiedzialnoscia-sp-k/574adc54,1,relevance,searchdealer.html",https://www.mascus.co.uk/agriculture/tractors/case-ih-puma-200-multicontroller/yqljvksf.html
Case IH Puma 200 CVXDRIVE,2022,5h,,"https://www.mascus.co.ukhttps://www.mascus.co.uk/agro-serwis-ds-spolka-z-ograniczona-odpowiedzialnoscia-sp-k/574adc54,1,relevance,searchdealer.html",https://www.mascus.co.uk/agriculture/tractors/case-ih-puma-200-cvxdrive/ucyqzorb.html
Case IH Puma 240 CVX,2016,5800h,,"https://www.mascus.co.ukhttps://www.mascus.co.uk/maskincentrum-a-s/839911ed,1,relevance,searchdealer.html",https://www.mascus.co.uk/agriculture/tractors/case-ih-puma-240-cvx/rmucpg0n.html
Case IH Puma 240 CVX,2016,5300h,,"https://www.mascus.co.ukhttps://www.mascus.co.uk/maskincentrum-a-s/839911ed,1,relevance,searchdealer.html",https://www.mascus.co.uk/agriculture/tractors/case-ih-puma-240-cvx/pnqmunxj.html
Case IH PUMA 165 MULTICONTROLLER,2010,5200h,,"https://www.mascus.co.ukhttps://www.mascus.co.uk/newman/83884bc0,1,relevance,searchdealer.html",https://www.mascus.co.uk/agriculture/tractors/case-ih-puma-165-multicontroller/0oybsdum.html
Case IH Puma 140 X Med frontlift,2024,"Horsens, DK",,"https://www.mascus.co.ukhttps://www.mascus.co.uk/yding-smedie-maskiner-a-s/8b09e70a,1,relevance,searchdealer.html",https://www.mascus.co.uk/agriculture/tractors/case-ih-puma-140-x-med-frontlift/mbzdukrk.html
Case IH PUMA 240 CVX,2023,"-, DK",,"https://www.mascus.co.ukhttps://www.mascus.co.uk/brdr-holst-sorensen-a-s/7e7f4365,1,relevance,searchdealer.html",https://www.mascus.co.uk/agriculture/tractors/case-ih-puma-240-cvx/upvcuj0g.html
Case IH Puma 150,2022,1100h,,"https://www.mascus.co.ukhttps://www.mascus.co.uk/dotnuva-baltic-sia/30c6443b,1,relevance,searchdealer.html",https://www.mascus.co.uk/agriculture/tractors/case-ih-puma-150/thuhxenk.html
Case IH PUMA195MFD,2015,8788h,,N/A,https://www.mascus.co.uk/agriculture/tractors/case-ih-puma195mfd/wiyqpc0o.html
Case IH Puma 210 CVX,2008,9300h,,"https://www.mascus.co.ukhttps://www.mascus.co.uk/dalla-vecchia-fabrizio-c/0ee75a34,1,relevance,searchdealer.html",https://www.mascus.co.uk/agriculture/tractors/case-ih-puma-210-cvx/yoybmoto.html
Case IH PUMA 210,2017,6291h,,N/A,https://www.mascus.co.uk/agriculture/tractors/case-ih-puma-210/unsclmmi.html
Case IH Puma 240 CVX,2018,4400h,,"https://www.mascus.co.ukhttps://www.mascus.co.uk/maskincentrum-a-s/839911ed,1,relevance,searchdealer.html",https://www.mascus.co.uk/agriculture/tractors/case-ih-puma-240-cvx/tnripfwg.html
Case IH PUMA 210 MULTICONTROLLER,2011,5008h,,"https://www.mascus.co.ukhttps://www.mascus.co.uk/garcia-maquinaria-agricola/ef614040,1,relevance,searchdealer.html",https://www.mascus.co.uk/agriculture/tractors/case-ih-puma-210-multicontroller/vinfwfnl.html
Case IH PUMA 210,2009,"-, IT",,"https://www.mascus.co.ukhttps://www.mascus.co.uk/sergio-bassan/5b34a520,1,relevance,searchdealer.html",https://www.mascus.co.uk/agriculture/tractors/case-ih-puma-210/qkvdreud.html
Case IH PUMA 220 CVXDrive,2023,2h,,"https://www.mascus.co.ukhttps://www.mascus.co.uk/agro-serwis-ds-spolka-z-ograniczona-odpowiedzialnoscia-sp-k/574adc54,1,relevance,searchdealer.html",https://www.mascus.co.uk/agriculture/tractors/case-ih-puma-220-cvxdrive/mnworjln.html
Case IH Puma 150 CVT,2022,14h,,"https://www.mascus.co.ukhttps://www.mascus.co.uk/pphu-marian-kisiel/a9d35ed1,1,relevance,searchdealer.html",https://www.mascus.co.uk/agriculture/tractors/case-ih-puma-150-cvt/whlinblg.html
Case IH Puma 200,2022,15h,,"https://www.mascus.co.ukhttps://www.mascus.co.uk/pphu-marian-kisiel/a9d35ed1,1,relevance,searchdealer.html",https://www.mascus.co.uk/agriculture/tractors/case-ih-puma-200/0qygvotl.html
Case IH Puma 145 CVT,2014,5852h,,"https://www.mascus.co.ukhttps://www.mascus.co.uk/dom-rol-jaroslaw-szczublewski/3db792b6,1,relevance,searchdealer.html",https://www.mascus.co.uk/agriculture/tractors/case-ih-puma-145-cvt/sltinnwh.html
Case IH Puma 220 MC,2022,1203h,,"https://www.mascus.co.ukhttps://www.mascus.co.uk/dotnuva-baltic-as/53acdab9,1,relevance,searchdealer.html",https://www.mascus.co.uk/agriculture/tractors/case-ih-puma-220-mc/upvpyczq.html
Case IH PUMA 185 CVX,2015,3742h,,"https://www.mascus.co.ukhttps://www.mascus.co.uk/garcia-maquinaria-agricola/ef614040,1,relevance,searchdealer.html",https://www.mascus.co.uk/agriculture/tractors/case-ih-puma-185-cvx/snwpsern.html
Case IH PUMA 240 CVX,2020,2544h,,"https://www.mascus.co.ukhttps://www.mascus.co.uk/brdr-holst-sorensen-a-s/7e7f4365,1,relevance,searchdealer.html",https://www.mascus.co.uk/agriculture/tractors/case-ih-puma-240-cvx/llwbwjsh.html
Case IH Puma 165 CVX,2024,"Horsens, DK",,"https://www.mascus.co.ukhttps://www.mascus.co.uk/yding-smedie-maskiner-a-s/8b09e70a,1,relevance,searchdealer.html",https://www.mascus.co.uk/agriculture/tractors/case-ih-puma-165-cvx/udpg0jvi.html
Case IH PUMA 240 CVX,2018,2793h,,"https://www.mascus.co.ukhttps://www.mascus.co.uk/garcia-maquinaria-agricola/ef614040,1,relevance,searchdealer.html",https://www.mascus.co.uk/agriculture/tractors/case-ih-puma-240-cvx/vq0jtcsq.html
Case IH puma 200 cvx,2018,2870h,,"https://www.mascus.co.ukhttps://www.mascus.co.uk/e-farm-gmbh/a39db191,1,relevance,searchdealer.html",https://www.mascus.co.uk/agriculture/tractors/case-ih-puma-200-cvx/lgojwlzm.html
Case IH Puma 180,2011,6000h,,"https://www.mascus.co.ukhttps://www.mascus.co.uk/districom-agro-gutierrez-s-l/1e701f6a,1,relevance,searchdealer.html",https://www.mascus.co.uk/agriculture/tractors/case-ih-puma-180/pjuqmkwe.html
Case IH PUMA 150 Multicontroller,2022,97h,,"https://www.mascus.co.ukhttps://www.mascus.co.uk/agro-serwis-ds-spolka-z-ograniczona-odpowiedzialnoscia-sp-k/574adc54,1,relevance,searchdealer.html",https://www.mascus.co.uk/agriculture/tractors/case-ih-puma-150-multicontroller/0eqfljyd.html
Case IH PUMA 180 MULTICONTROLLER,2011,5954h,,"https://www.mascus.co.ukhttps://www.mascus.co.uk/garcia-maquinaria-agricola/ef614040,1,relevance,searchdealer.html",https://www.mascus.co.uk/agriculture/tractors/case-ih-puma-180-multicontroller/snpnvf0j.html
Case IH Puma 165,2007,10295h,,"https://www.mascus.co.ukhttps://www.mascus.co.uk/agropark/134ecc3b,1,relevance,searchdealer.html",https://www.mascus.co.uk/agriculture/tractors/case-ih-puma-165/rmxkvkzb.html
Case IH PUMA 230 CVX,2014,4898h,,"https://www.mascus.co.ukhttps://www.mascus.co.uk/garcia-maquinaria-agricola/ef614040,1,relevance,searchdealer.html",https://www.mascus.co.uk/agriculture/tractors/case-ih-puma-230-cvx/0mvcobup.html
Case IH PUMA 240 CVXDRIVE,2023,"Vrå, Frejlev, Hornslet & Ringsted, DK",,"https://www.mascus.co.ukhttps://www.mascus.co.uk/sd-kjarsgaard-a-s/225b22c8,1,relevance,searchdealer.html",https://www.mascus.co.uk/agriculture/tractors/case-ih-puma-240-cvxdrive/spyqzluj.html
Case IH Puma 170,2012,5690h,,"https://www.mascus.co.ukhttps://www.mascus.co.uk/east-west-agro-ab/76b48ef4,1,relevance,searchdealer.html",https://www.mascus.co.uk/agriculture/tractors/case-ih-puma-170/rcvnrhzm.html
Case IH Puma 130 CVX,2012,6127h,,"https://www.mascus.co.ukhttps://www.mascus.co.uk/roltoma-tomasz-stypulowski/212f52d0,1,relevance,searchdealer.html",https://www.mascus.co.uk/agriculture/tractors/case-ih-puma-130-cvx/sksdspyk.html
Case IH PUMA210,2015,5121h,,N/A,https://www.mascus.co.uk/agriculture/tractors/case-ih-puma210/wnzovcpk.html
Case IH PUMA 185 CVX,2015,4487h,,"https://www.mascus.co.ukhttps://www.mascus.co.uk/garcia-maquinaria-agricola/ef614040,1,relevance,searchdealer.html",https://www.mascus.co.uk/agriculture/tractors/case-ih-puma-185-cvx/pdlf0lyd.html
Case IH Puma 230 CVX,2012,9350h,,"https://www.mascus.co.ukhttps://www.mascus.co.uk/agri-cs-magyarorszag-kft/e7423625,1,relevance,searchdealer.html",https://www.mascus.co.uk/agriculture/tractors/case-ih-puma-230-cvx/lpzfyeud.html
Case IH Puma 240,2020,895h,,"https://www.mascus.co.ukhttps://www.mascus.co.uk/sjorup-group-a-s/03de5c40,1,relevance,searchdealer.html",https://www.mascus.co.uk/agriculture/tractors/case-ih-puma-240/pelb0l0m.html
Case IH PUMA 200 CVX,2015,4336h,,"https://www.mascus.co.ukhttps://www.mascus.co.uk/garcia-maquinaria-agricola/ef614040,1,relevance,searchdealer.html",https://www.mascus.co.uk/agriculture/tractors/case-ih-puma-200-cvx/ylrl0gve.html
Case IH Puma 160,2014,4500h,,"https://www.mascus.co.ukhttps://www.mascus.co.uk/sjorup-group-a-s/03de5c40,1,relevance,searchdealer.html",https://www.mascus.co.uk/agriculture/tractors/case-ih-puma-160/xmpkucud.html
Case IH puma 200,6500h,"Pori, FI",,"https://www.mascus.co.ukhttps://www.mascus.co.uk/finnboom-oy/6f519b2f,1,relevance,searchdealer.html",https://www.mascus.co.uk/agriculture/tractors/case-ih-puma-200/yoykvpyf.html
Case IH Puma 165,2016,"Sjørup Group A/S tel. +45 97 54 83 00, DK",,"https://www.mascus.co.ukhttps://www.mascus.co.uk/sjorup-group-a-s/03de5c40,1,relevance,searchdealer.html",https://www.mascus.co.uk/agriculture/tractors/case-ih-puma-165/xqznvfvm.html
Case IH Puma 200 CVX,2019,3400h,,"https://www.mascus.co.ukhttps://www.mascus.co.uk/frost-traktor-maskinservice/56f05a0f,1,relevance,searchdealer.html",https://www.mascus.co.uk/agriculture/tractors/case-ih-puma-200-cvx/xksbvblf.html
Case IH PUMA 165 MULTICONTROLLER,2018,4992h,,"https://www.mascus.co.ukhttps://www.mascus.co.uk/garcia-maquinaria-agricola/ef614040,1,relevance,searchdealer.html",https://www.mascus.co.uk/agriculture/tractors/case-ih-puma-165-multicontroller/qcyhulwp.html
Case IH Puma 160,2013,"Sjørup Group A/S tel. +45 97 54 83 00, DK",,"https://www.mascus.co.ukhttps://www.mascus.co.uk/sjorup-group-a-s/03de5c40,1,relevance,searchdealer.html",https://www.mascus.co.uk/agriculture/tractors/case-ih-puma-160/ujwdshqd.html
Case IH Puma 240,2016,"Sjørup Group A/S tel. +45 97 54 83 00, DK",,"https://www.mascus.co.ukhttps://www.mascus.co.uk/sjorup-group-a-s/03de5c40,1,relevance,searchdealer.html",https://www.mascus.co.uk/agriculture/tractors/case-ih-puma-240/0bwgxiuk.html
Case IH PUMA 150 CVX,2017,3123h,,"https://www.mascus.co.ukhttps://www.mascus.co.uk/garcia-maquinaria-agricola/ef614040,1,relevance,searchdealer.html",https://www.mascus.co.uk/agriculture/tractors/case-ih-puma-150-cvx/vdscunrq.html
Case IH PUMA 140,2009,5707h,,N/A,https://www.mascus.co.uk/agriculture/tractors/case-ih-puma-140/mewjtpnh.html
Case IH Puma 230,2013,"Sjørup Group A/S tel. +45 97 54 83 00, DK",,"https://www.mascus.co.ukhttps://www.mascus.co.uk/sjorup-group-a-s/03de5c40,1,relevance,searchdealer.html",https://www.mascus.co.uk/agriculture/tractors/case-ih-puma-230/zqpkziop.html
Case IH Puma 195,2007,"Sjørup Group A/S tel. +45 97 54 83 00, DK",,"https://www.mascus.co.ukhttps://www.mascus.co.uk/sjorup-group-a-s/03de5c40,1,relevance,searchdealer.html",https://www.mascus.co.uk/agriculture/tractors/case-ih-puma-195/plzbpfon.html
Case IH PUMA 165 MULTICONTROLLER,2017,4112h,,"https://www.mascus.co.ukhttps://www.mascus.co.uk/garcia-maquinaria-agricola/ef614040,1,relevance,searchdealer.html",https://www.mascus.co.uk/agriculture/tractors/case-ih-puma-165-multicontroller/sepfse0m.html
Case IH Puma 200,2011,4736h,,"https://www.mascus.co.ukhttps://www.mascus.co.uk/giupponi-fratelli-s-r-l/f7acf9fe,1,relevance,searchdealer.html",https://www.mascus.co.uk/agriculture/tractors/case-ih-puma-200/tczorbrb.html
Case IH PUMA 230cvx,2013,7450h,,"https://www.mascus.co.ukhttps://www.mascus.co.uk/reni-macchine-s-r-l/d700b456,1,relevance,searchdealer.html",https://www.mascus.co.uk/agriculture/tractors/case-ih-puma-230cvx/zhqfmoqe.html
Case IH Puma 210,2007,"Sjørup Group A/S tel. +45 97 54 83 00, DK",,"https://www.mascus.co.ukhttps://www.mascus.co.uk/sjorup-group-a-s/03de5c40,1,relevance,searchdealer.html",https://www.mascus.co.uk/agriculture/tractors/case-ih-puma-210/0epdtjyq.html
Case IH PUMA 160 CVX,2013,5807h,,"https://www.mascus.co.ukhttps://www.mascus.co.uk/garcia-maquinaria-agricola/ef614040,1,relevance,searchdealer.html",https://www.mascus.co.uk/agriculture/tractors/case-ih-puma-160-cvx/oitlupsb.html
Case IH Puma 240,2015,"Sjørup Group A/S tel. +45 97 54 83 00, DK",,"https://www.mascus.co.ukhttps://www.mascus.co.uk/sjorup-group-a-s/03de5c40,1,relevance,searchdealer.html",https://www.mascus.co.uk/agriculture/tractors/case-ih-puma-240/sdojxeqm.html
Case IH Puma 165,2017,3500h,,"https://www.mascus.co.ukhttps://www.mascus.co.uk/sjorup-group-a-s/03de5c40,1,relevance,searchdealer.html",https://www.mascus.co.uk/agriculture/tractors/case-ih-puma-165/lkqlpipq.html
Case IH Puma 240,2017,"Sjørup Group A/S tel. +45 97 54 83 00, DK",,"https://www.mascus.co.ukhttps://www.mascus.co.uk/sjorup-group-a-s/03de5c40,1,relevance,searchdealer.html",https://www.mascus.co.uk/agriculture/tractors/case-ih-puma-240/ldrqtbyh.html
Case IH Puma 240,2019,500h,,"https://www.mascus.co.ukhttps://www.mascus.co.uk/sjorup-group-a-s/03de5c40,1,relevance,searchdealer.html",https://www.mascus.co.uk/agriculture/tractors/case-ih-puma-240/0eomweyl.html
Case IH Puma 230,2014,"Sjørup Group A/S tel. +45 97 54 83 00, DK",,"https://www.mascus.co.ukhttps://www.mascus.co.uk/sjorup-group-a-s/03de5c40,1,relevance,searchdealer.html",https://www.mascus.co.uk/agriculture/tractors/case-ih-puma-230/mjmkwpsc.html
Case IH Puma 210,2008,"Sjørup Group A/S tel. +45 97 54 83 00, DK",,"https://www.mascus.co.ukhttps://www.mascus.co.uk/sjorup-group-a-s/03de5c40,1,relevance,searchdealer.html",https://www.mascus.co.uk/agriculture/tractors/case-ih-puma-210/zhwbmdtg.html
Case IH PUMA 165,2009,5860h,,"https://www.mascus.co.ukhttps://www.mascus.co.uk/garcia-maquinaria-agricola/ef614040,1,relevance,searchdealer.html",https://www.mascus.co.uk/agriculture/tractors/case-ih-puma-165/plzjndsp.html
Case IH Puma 230,2014,"Sjørup Group A/S tel. +45 97 54 83 00, DK",,"https://www.mascus.co.ukhttps://www.mascus.co.uk/sjorup-group-a-s/03de5c40,1,relevance,searchdealer.html",https://www.mascus.co.uk/agriculture/tractors/case-ih-puma-230/0glcroni.html
Case IH Puma 215,2013,4600h,,"https://www.mascus.co.ukhttps://www.mascus.co.uk/sjorup-group-a-s/03de5c40,1,relevance,searchdealer.html",https://www.mascus.co.uk/agriculture/tractors/case-ih-puma-215/uq0jnhxo.html
Case IH Puma 195,2004,"Sjørup Group A/S tel. +45 97 54 83 00, DK",,"https://www.mascus.co.ukhttps://www.mascus.co.uk/sjorup-group-a-s/03de5c40,1,relevance,searchdealer.html",https://www.mascus.co.uk/agriculture/tractors/case-ih-puma-195/mkmosfpl.html
Case IH Puma 210,2008,1800h,,"https://www.mascus.co.ukhttps://www.mascus.co.uk/sjorup-group-a-s/03de5c40,1,relevance,searchdealer.html",https://www.mascus.co.uk/agriculture/tractors/case-ih-puma-210/ybtlvkxe.html
Case IH Puma 185,2013,900h,,"https://www.mascus.co.ukhttps://www.mascus.co.uk/sjorup-group-a-s/03de5c40,1,relevance,searchdealer.html",https://www.mascus.co.uk/agriculture/tractors/case-ih-puma-185/zl0qnbue.html
Case IH Puma 210,2007,"Sjørup Group A/S tel. +45 97 54 83 00, DK",,"https://www.mascus.co.ukhttps://www.mascus.co.uk/sjorup-group-a-s/03de5c40,1,relevance,searchdealer.html",https://www.mascus.co.uk/agriculture/tractors/case-ih-puma-210/rbmmvetj.html